<annotation>
	<folder>02085620</folder>
	<filename>n02085620_473.jpg</filename>
	<source>
		<database>ImageNet database</database>
	</source>
	<size>
		<width>500</width>
		<height>333</height>
		<depth>3</depth>
	</size>
	<segment>0</segment>
	<object>
		<name>Chihuahua</name>
		<pose>Unspecified</pose>
		<truncated>0</truncated>
		<difficult>0</difficult>
		<bndbox>
			<xmin>173</xmin>
			<ymin>4</ymin>
			<xmax>383</xmax>
			<ymax>242</ymax>
		</bndbox>
	</object>
	<object>
		<name>Chihuahua</name>
		<pose>Unspecified</pose>
		<truncated>0</truncated>
		<difficult>0</difficult>
		<bndbox>
			<xmin>43</xmin>
			<ymin>146</ymin>
			<xmax>251</xmax>
			<ymax>319</ymax>
		</bndbox>
	</object>
</annotation>