<annotation>
	<folder>02085620</folder>
	<filename>n02085620_5661.jpg</filename>
	<source>
		<database>ImageNet database</database>
	</source>
	<size>
		<width>500</width>
		<height>375</height>
		<depth>3</depth>
	</size>
	<segment>0</segment>
	<object>
		<name>Chihuahua</name>
		<pose>Unspecified</pose>
		<truncated>0</truncated>
		<difficult>0</difficult>
		<bndbox>
			<xmin>114</xmin>
			<ymin>180</ymin>
			<xmax>253</xmax>
			<ymax>311</ymax>
		</bndbox>
	</object>
	<object>
		<name>Chihuahua</name>
		<pose>Unspecified</pose>
		<truncated>0</truncated>
		<difficult>0</difficult>
		<bndbox>
			<xmin>176</xmin>
			<ymin>42</ymin>
			<xmax>422</xmax>
			<ymax>286</ymax>
		</bndbox>
	</object>
</annotation>