<annotation>
	<folder>02099601</folder>
	<filename>n02099601_6980.jpg</filename>
	<source>
		<database>ImageNet database</database>
	</source>
	<size>
		<width>500</width>
		<height>345</height>
		<depth>3</depth>
	</size>
	<segment>0</segment>
	<object>
		<name>golden_retriever</name>
		<pose>Unspecified</pose>
		<truncated>0</truncated>
		<difficult>0</difficult>
		<bndbox>
			<xmin>210</xmin>
			<ymin>48</ymin>
			<xmax>499</xmax>
			<ymax>344</ymax>
		</bndbox>
	</object>
	<object>
		<name>golden_retriever</name>
		<pose>Unspecified</pose>
		<truncated>0</truncated>
		<difficult>0</difficult>
		<bndbox>
			<xmin>0</xmin>
			<ymin>30</ymin>
			<xmax>208</xmax>
			<ymax>344</ymax>
		</bndbox>
	</object>
</annotation>